-- phpMyAdmin SQL Dump
-- version 5.2.3
-- https://www.phpmyadmin.net/
--
-- Servidor: localhost
-- Tiempo de generación: 18-11-2025 a las 07:10:19
-- Versión del servidor: 12.0.2-MariaDB
-- Versión de PHP: 8.4.14

SET SQL_MODE = "NO_AUTO_VALUE_ON_ZERO";
START TRANSACTION;
SET time_zone = "+00:00";


/*!40101 SET @OLD_CHARACTER_SET_CLIENT=@@CHARACTER_SET_CLIENT */;
/*!40101 SET @OLD_CHARACTER_SET_RESULTS=@@CHARACTER_SET_RESULTS */;
/*!40101 SET @OLD_COLLATION_CONNECTION=@@COLLATION_CONNECTION */;
/*!40101 SET NAMES utf8mb4 */;

--
-- Base de datos: `mydb`
--

-- --------------------------------------------------------

--
-- Estructura de tabla para la tabla `actor`
--

CREATE TABLE `actor` (
  `id_actor` int(11) NOT NULL,
  `nombre` varchar(45) NOT NULL
) ENGINE=InnoDB DEFAULT CHARSET=utf8mb3 COLLATE=utf8mb3_uca1400_ai_ci;

--
-- Volcado de datos para la tabla `actor`
--

INSERT INTO `actor` (`id_actor`, `nombre`) VALUES
(1, 'Winona Ryder'),
(2, 'David Harbour'),
(3, 'Millie Bobby Brown'),
(4, 'Finn Wolfhard'),
(5, 'Olivia Colman'),
(6, 'Imelda Staunton'),
(7, 'Anthony Gonzalez'),
(8, 'Gael García Bernal'),
(9, 'Tom Cruise'),
(10, 'Jon Voight'),
(11, 'Bryan Cranston'),
(12, 'Aaron Paul'),
(13, 'Karl Urban'),
(14, 'Jack Quaid'),
(15, 'Francisca Estévez'),
(16, 'Emmanuel Restrepo'),
(17, 'Timothée Chalamet'),
(18, 'Zendaya'),
(19, 'Sam Worthington'),
(20, 'Zoe Saldaña'),
(21, 'Daniel Craig'),
(22, 'Keanu Reeves');

-- --------------------------------------------------------

--
-- Estructura de tabla para la tabla `cinta`
--

CREATE TABLE `cinta` (
  `id_cinta` int(11) NOT NULL,
  `estado` enum('disponible','prestada','danada') NOT NULL,
  `pelicula_id_pelicula` int(11) NOT NULL
) ENGINE=InnoDB DEFAULT CHARSET=utf8mb3 COLLATE=utf8mb3_uca1400_ai_ci;

--
-- Volcado de datos para la tabla `cinta`
--

INSERT INTO `cinta` (`id_cinta`, `estado`, `pelicula_id_pelicula`) VALUES
(1, 'disponible', 1),
(2, 'prestada', 1),
(3, 'disponible', 1),
(4, 'prestada', 1),
(5, 'disponible', 5),
(6, 'disponible', 6),
(8, 'disponible', 8),
(13, 'disponible', 17),
(14, 'prestada', 17),
(15, 'disponible', 17),
(16, 'disponible', 17);

-- --------------------------------------------------------

--
-- Estructura de tabla para la tabla `director`
--

CREATE TABLE `director` (
  `id_director` int(11) NOT NULL,
  `nombre` varchar(45) NOT NULL
) ENGINE=InnoDB DEFAULT CHARSET=utf8mb3 COLLATE=utf8mb3_uca1400_ai_ci;

--
-- Volcado de datos para la tabla `director`
--

INSERT INTO `director` (`id_director`, `nombre`) VALUES
(1, 'The Duffer Brothers'),
(2, 'Peter Morgan'),
(3, 'Lee Unkrich'),
(4, 'Brian De Palma'),
(5, 'Vince Gilligan'),
(6, 'Eric Kripke'),
(7, 'Dago García'),
(8, 'Denis Villeneuve'),
(9, 'James Cameron'),
(10, 'Sam Mendes'),
(11, 'Chris Sanders'),
(12, 'Lilly Wachowski');

-- --------------------------------------------------------

--
-- Estructura de tabla para la tabla `genero`
--

CREATE TABLE `genero` (
  `id_genero` int(11) NOT NULL,
  `nombre` varchar(250) NOT NULL
) ENGINE=InnoDB DEFAULT CHARSET=utf8mb3 COLLATE=utf8mb3_uca1400_ai_ci;

--
-- Volcado de datos para la tabla `genero`
--

INSERT INTO `genero` (`id_genero`, `nombre`) VALUES
(1, 'Sci-fi'),
(2, 'Terror'),
(3, 'Drama'),
(4, 'Animación'),
(5, 'Acción'),
(6, 'Superhéroes'),
(7, 'Comedia'),
(8, 'Fantasía'),
(9, 'Espionaje');

-- --------------------------------------------------------

--
-- Estructura de tabla para la tabla `gusta_director`
--

CREATE TABLE `gusta_director` (
  `Usuario_id_usuario` int(11) NOT NULL,
  `director_id_director` int(11) NOT NULL
) ENGINE=InnoDB DEFAULT CHARSET=utf8mb3 COLLATE=utf8mb3_uca1400_ai_ci;

-- --------------------------------------------------------

--
-- Estructura de tabla para la tabla `gusto_actor`
--

CREATE TABLE `gusto_actor` (
  `Usuario_id_usuario` int(11) NOT NULL,
  `actor_id_actor` int(11) NOT NULL
) ENGINE=InnoDB DEFAULT CHARSET=utf8mb3 COLLATE=utf8mb3_uca1400_ai_ci;

-- --------------------------------------------------------

--
-- Estructura de tabla para la tabla `gusto_genero`
--

CREATE TABLE `gusto_genero` (
  `Usuario_id_usuario` int(11) NOT NULL,
  `genero_id_genero` int(11) NOT NULL
) ENGINE=InnoDB DEFAULT CHARSET=utf8mb3 COLLATE=utf8mb3_uca1400_ai_ci;

-- --------------------------------------------------------

--
-- Estructura de tabla para la tabla `lista_espera`
--

CREATE TABLE `lista_espera` (
  `id_espera` int(11) NOT NULL,
  `fecha_solicitud` datetime NOT NULL,
  `Usuario_id_usuario` int(11) NOT NULL,
  `pelicula_id_pelicula` int(11) NOT NULL
) ENGINE=InnoDB DEFAULT CHARSET=utf8mb3 COLLATE=utf8mb3_uca1400_ai_ci;

-- --------------------------------------------------------

--
-- Estructura de tabla para la tabla `pelicula`
--

CREATE TABLE `pelicula` (
  `id_pelicula` int(11) NOT NULL,
  `titulo` varchar(150) NOT NULL,
  `anio` int(11) NOT NULL,
  `duracion_min` int(11) NOT NULL,
  `descripcion` varchar(250) NOT NULL,
  `poster_path` varchar(255) NOT NULL,
  `precio_alquiler` decimal(8,0) NOT NULL,
  `calificacion` varchar(45) NOT NULL,
  `director_id_director` int(11) NOT NULL,
  `idioma` varchar(50) NOT NULL DEFAULT 'Desconocido',
  `ncopias` int(11) NOT NULL
) ENGINE=InnoDB DEFAULT CHARSET=utf8mb3 COLLATE=utf8mb3_uca1400_ai_ci;

--
-- Volcado de datos para la tabla `pelicula`
--

INSERT INTO `pelicula` (`id_pelicula`, `titulo`, `anio`, `duracion_min`, `descripcion`, `poster_path`, `precio_alquiler`, `calificacion`, `director_id_director`, `idioma`, `ncopias`) VALUES
(1, 'Stranger Things', 2025, 2400, 'Fuerza maligna desciende sobre un pequeño pueblo de Indiana en los 80.', 'https://m.media-amazon.com/images/I/91FTgJZL-kL._AC_UF894,1000_QL80_.jpg', 15000, '16+', 1, 'Inglés', 4),
(2, 'The Crown', 2023, 2160, 'Crónica de la vida de la Reina Isabel II.', 'https://image.tmdb.org/t/p/original/1M876KPjulVwppEpldhdc8V4o68.jpg', 12000, '13+', 2, 'Inglés', 0),
(4, 'Misión Imposible', 1996, 110, 'Un agente del FMI es incriminado; debe limpiar su nombre.', 'https://images.justwatch.com/poster/329369468/s718/mision-imposible-sentencia-final.jpg', 13000, '13+', 4, 'Inglés', 0),
(5, 'Breaking Bad', 2008, 3000, 'Profesor de química con cáncer fabrica y vende metanfetamina.', 'https://i.pinimg.com/736x/a4/b9/de/a4b9de044d3967643e70a87827523ef2.jpg', 16000, '18+', 5, 'Inglés', 1),
(6, 'The Boys', 2019, 1920, 'Vigilantes se enfrentan a superhéroes corruptos.', 'https://m.media-amazon.com/images/I/91eJ84kPXHL._AC_UF894,1000_QL80_.jpg', 16000, '18+', 6, 'Inglés', 1),
(8, 'Dune', 2021, 155, 'Épica odisea de la familia Atreides en un planeta desértico.', 'https://es.web.img3.acsta.net/pictures/21/08/25/14/35/3349802.jpg', 17000, '13+', 8, 'Inglés', 1),
(10, 'Matrix 1999', 1999, 136, 'Un experto en computadoras descubre que su mundo es una simulación total creada con maliciosas intenciones por parte de la ciberinteligencia.', 'https://image.tmdb.org/t/p/original/8g1aqEKt80x1gbKqc8a1TWb9cr6.jpg', 29900, '+18', 12, 'Inglés', 0),
(17, 'Robot salvaje ', 2024, 102, 'es u. robot salvaje', 'https://pics.filmaffinity.com/Robot_salvaje-598191664-large.jpg', 26000, 'PG', 11, 'Inglés ', 4);

-- --------------------------------------------------------

--
-- Estructura de tabla para la tabla `pelicula_actor`
--

CREATE TABLE `pelicula_actor` (
  `pelicula_id_pelicula` int(11) NOT NULL,
  `actor_id_actor` int(11) NOT NULL,
  `rol_pelicula` varchar(150) NOT NULL
) ENGINE=InnoDB DEFAULT CHARSET=utf8mb3 COLLATE=utf8mb3_uca1400_ai_ci;

--
-- Volcado de datos para la tabla `pelicula_actor`
--

INSERT INTO `pelicula_actor` (`pelicula_id_pelicula`, `actor_id_actor`, `rol_pelicula`) VALUES
(1, 1, 'Protagonista (Joyce)'),
(1, 2, 'Protagonista (Jim Hopper)'),
(1, 3, 'Protagonista (Eleven)'),
(1, 4, 'Protagonista (Mike)'),
(2, 5, 'Protagonista (Isabel II)'),
(2, 6, 'Protagonista (Isabel II - posterior)'),
(4, 9, 'Protagonista (Ethan Hunt)'),
(4, 10, 'Antagonista (Jim Phelps)'),
(5, 11, 'Protagonista (Walter White)'),
(5, 12, 'Protagonista (Jesse Pinkman)'),
(6, 13, 'Protagonista (Billy)'),
(6, 14, 'Protagonista (Hughie)'),
(8, 17, 'Protagonista (Paul Atreides)'),
(8, 18, 'Protagonista (Chani)'),
(17, 2, 'Protagonista'),
(10, 22, 'Protagonista\r\n');

-- --------------------------------------------------------

--
-- Estructura de tabla para la tabla `pelicula_genero`
--

CREATE TABLE `pelicula_genero` (
  `pelicula_id_pelicula` int(11) NOT NULL,
  `genero_id_genero` int(11) NOT NULL
) ENGINE=InnoDB DEFAULT CHARSET=utf8mb3 COLLATE=utf8mb3_uca1400_ai_ci;

--
-- Volcado de datos para la tabla `pelicula_genero`
--

INSERT INTO `pelicula_genero` (`pelicula_id_pelicula`, `genero_id_genero`) VALUES
(1, 1),
(1, 2),
(2, 3),
(4, 5),
(5, 3),
(6, 6),
(6, 5),
(8, 1),
(8, 8),
(17, 4),
(10, 1);

-- --------------------------------------------------------

--
-- Estructura de tabla para la tabla `prestamo`
--

CREATE TABLE `prestamo` (
  `id_prestamo` int(11) NOT NULL,
  `fecha_prestamo` datetime NOT NULL,
  `fecha_devolucion` datetime NOT NULL,
  `Usuario_id_usuario` int(11) NOT NULL,
  `cinta_id_cinta` int(11) NOT NULL
) ENGINE=InnoDB DEFAULT CHARSET=utf8mb3 COLLATE=utf8mb3_uca1400_ai_ci;

--
-- Volcado de datos para la tabla `prestamo`
--

INSERT INTO `prestamo` (`id_prestamo`, `fecha_prestamo`, `fecha_devolucion`, `Usuario_id_usuario`, `cinta_id_cinta`) VALUES
(1, '2025-11-17 21:50:09', '2025-11-17 21:50:09', 1, 2);

-- --------------------------------------------------------

--
-- Estructura de tabla para la tabla `rol`
--

CREATE TABLE `rol` (
  `id_rol` int(11) NOT NULL,
  `nombre` varchar(45) NOT NULL
) ENGINE=InnoDB DEFAULT CHARSET=utf8mb3 COLLATE=utf8mb3_uca1400_ai_ci;

--
-- Volcado de datos para la tabla `rol`
--

INSERT INTO `rol` (`id_rol`, `nombre`) VALUES
(1, 'admin'),
(2, 'socio');

-- --------------------------------------------------------

--
-- Estructura de tabla para la tabla `traileres`
--

CREATE TABLE `traileres` (
  `id_imagenes` int(11) NOT NULL,
  `ruta` varchar(255) NOT NULL,
  `pelicula_id_pelicula` int(11) NOT NULL
) ENGINE=InnoDB DEFAULT CHARSET=utf8mb3 COLLATE=utf8mb3_uca1400_ai_ci;

--
-- Volcado de datos para la tabla `traileres`
--

INSERT INTO `traileres` (`id_imagenes`, `ruta`, `pelicula_id_pelicula`) VALUES
(1, 'https://www.youtube.com/embed/PssKpzB0Ah0', 1),
(2, 'https://www.youtube.com/embed/d0JYlUTbv1A', 1),
(3, 'https://www.youtube.com/embed/JWtnJjn6ng0', 2),
(4, 'https://www.youtube.com/embed/2O5VhM1f1pY', 2),
(7, 'https://www.youtube.com/embed/Z4Y4eJ_403Q', 4),
(8, 'https://www.youtube.com/embed/HhFk_v_7y7U', 5),
(9, 'https://www.youtube.com/embed/M1o29NfM7sI', 6);

-- --------------------------------------------------------

--
-- Estructura de tabla para la tabla `Usuario`
--

CREATE TABLE `Usuario` (
  `id_usuario` int(11) NOT NULL,
  `username` varchar(80) NOT NULL,
  `password` varchar(255) NOT NULL,
  `nombre` varchar(45) NOT NULL,
  `direccion` varchar(45) NOT NULL,
  `telefono` varchar(11) NOT NULL,
  `email` varchar(150) NOT NULL,
  `pregunta_seguridad` varchar(255) DEFAULT '¿Cuál es el nombre de tu primera mascota?',
  `respuesta_seguridad` varchar(255) DEFAULT NULL,
  `fecha_creacion` datetime NOT NULL,
  `rol_id_rol` int(11) NOT NULL
) ENGINE=InnoDB DEFAULT CHARSET=utf8mb3 COLLATE=utf8mb3_uca1400_ai_ci;

--
-- Volcado de datos para la tabla `Usuario`
--

INSERT INTO `Usuario` (`id_usuario`, `username`, `password`, `nombre`, `direccion`, `telefono`, `email`, `pregunta_seguridad`, `respuesta_seguridad`, `fecha_creacion`, `rol_id_rol`) VALUES
(1, 'felipe ', 'felipec51', 'felipe murillo ', 'calle12 ', '3052781', 'marlon@gmail.com', '¿Cuál es el nombre de tu primera mascota?', 'nata', '2025-11-17 03:20:52', 2),
(2, 'admin', 'admin', 'Administrador', 'Sede Central', '0000000000', 'admin@videoclub.local', '¿Cuál es el nombre de tu primera mascota?', 'mono', '2025-11-01 08:00:00', 1),
(7, 'marlonc51', 'marlon', 'marlon', 'calle 14', '300728282', 'marlon@gmail.com ', '¿Cuál es el nombre de tu primera mascota?', 'princesa', '2025-11-16 23:59:58', 2),
(10, 'johanc', 'temporal123', 'johan ', 'calle 14', '3059239494', 'johan@gmail.com ', '¿Cuál es el nombre de tu primera mascota?', 'mono', '2025-11-18 00:59:20', 2);

--
-- Índices para tablas volcadas
--

--
-- Indices de la tabla `actor`
--
ALTER TABLE `actor`
  ADD PRIMARY KEY (`id_actor`);

--
-- Indices de la tabla `cinta`
--
ALTER TABLE `cinta`
  ADD PRIMARY KEY (`id_cinta`),
  ADD KEY `fk_cinta_pelicula1_idx` (`pelicula_id_pelicula`);

--
-- Indices de la tabla `director`
--
ALTER TABLE `director`
  ADD PRIMARY KEY (`id_director`);

--
-- Indices de la tabla `genero`
--
ALTER TABLE `genero`
  ADD PRIMARY KEY (`id_genero`);

--
-- Indices de la tabla `gusta_director`
--
ALTER TABLE `gusta_director`
  ADD KEY `fk_Usuario_has_director_director1_idx` (`director_id_director`),
  ADD KEY `fk_Usuario_has_director_Usuario1_idx` (`Usuario_id_usuario`);

--
-- Indices de la tabla `gusto_actor`
--
ALTER TABLE `gusto_actor`
  ADD KEY `fk_gusto_actor_Usuario1_idx` (`Usuario_id_usuario`),
  ADD KEY `fk_gusto_actor_actor1_idx` (`actor_id_actor`);

--
-- Indices de la tabla `gusto_genero`
--
ALTER TABLE `gusto_genero`
  ADD KEY `fk_gusto_genero_Usuario1_idx` (`Usuario_id_usuario`),
  ADD KEY `fk_gusto_genero_genero1_idx` (`genero_id_genero`);

--
-- Indices de la tabla `lista_espera`
--
ALTER TABLE `lista_espera`
  ADD PRIMARY KEY (`id_espera`),
  ADD KEY `fk_lista_espera_Usuario1_idx` (`Usuario_id_usuario`),
  ADD KEY `fk_lista_espera_pelicula1_idx` (`pelicula_id_pelicula`);

--
-- Indices de la tabla `pelicula`
--
ALTER TABLE `pelicula`
  ADD PRIMARY KEY (`id_pelicula`),
  ADD KEY `fk_pelicula_director1_idx` (`director_id_director`);

--
-- Indices de la tabla `pelicula_actor`
--
ALTER TABLE `pelicula_actor`
  ADD KEY `fk_table1_pelicula1_idx` (`pelicula_id_pelicula`),
  ADD KEY `fk_table1_actor1_idx` (`actor_id_actor`);

--
-- Indices de la tabla `pelicula_genero`
--
ALTER TABLE `pelicula_genero`
  ADD KEY `fk_table1_pelicula2_idx` (`pelicula_id_pelicula`),
  ADD KEY `fk_table1_genero1_idx` (`genero_id_genero`);

--
-- Indices de la tabla `prestamo`
--
ALTER TABLE `prestamo`
  ADD PRIMARY KEY (`id_prestamo`),
  ADD KEY `fk_prestamo_Usuario1_idx` (`Usuario_id_usuario`),
  ADD KEY `fk_prestamo_cinta1_idx` (`cinta_id_cinta`);

--
-- Indices de la tabla `rol`
--
ALTER TABLE `rol`
  ADD PRIMARY KEY (`id_rol`);

--
-- Indices de la tabla `traileres`
--
ALTER TABLE `traileres`
  ADD PRIMARY KEY (`id_imagenes`),
  ADD KEY `fk_imagenes_pelicula1_idx` (`pelicula_id_pelicula`);

--
-- Indices de la tabla `Usuario`
--
ALTER TABLE `Usuario`
  ADD PRIMARY KEY (`id_usuario`),
  ADD KEY `fk_Usuario_rol_idx` (`rol_id_rol`);

--
-- AUTO_INCREMENT de las tablas volcadas
--

--
-- AUTO_INCREMENT de la tabla `cinta`
--
ALTER TABLE `cinta`
  MODIFY `id_cinta` int(11) NOT NULL AUTO_INCREMENT, AUTO_INCREMENT=17;

--
-- AUTO_INCREMENT de la tabla `pelicula`
--
ALTER TABLE `pelicula`
  MODIFY `id_pelicula` int(11) NOT NULL AUTO_INCREMENT, AUTO_INCREMENT=18;

--
-- AUTO_INCREMENT de la tabla `Usuario`
--
ALTER TABLE `Usuario`
  MODIFY `id_usuario` int(11) NOT NULL AUTO_INCREMENT, AUTO_INCREMENT=11;

--
-- Restricciones para tablas volcadas
--

--
-- Filtros para la tabla `cinta`
--
ALTER TABLE `cinta`
  ADD CONSTRAINT `fk_cinta_pelicula1` FOREIGN KEY (`pelicula_id_pelicula`) REFERENCES `pelicula` (`id_pelicula`) ON DELETE NO ACTION ON UPDATE NO ACTION;

--
-- Filtros para la tabla `gusta_director`
--
ALTER TABLE `gusta_director`
  ADD CONSTRAINT `fk_Usuario_has_director_Usuario1` FOREIGN KEY (`Usuario_id_usuario`) REFERENCES `Usuario` (`id_usuario`) ON DELETE NO ACTION ON UPDATE NO ACTION,
  ADD CONSTRAINT `fk_Usuario_has_director_director1` FOREIGN KEY (`director_id_director`) REFERENCES `director` (`id_director`) ON DELETE NO ACTION ON UPDATE NO ACTION;

--
-- Filtros para la tabla `gusto_actor`
--
ALTER TABLE `gusto_actor`
  ADD CONSTRAINT `fk_gusto_actor_Usuario1` FOREIGN KEY (`Usuario_id_usuario`) REFERENCES `Usuario` (`id_usuario`) ON DELETE NO ACTION ON UPDATE NO ACTION,
  ADD CONSTRAINT `fk_gusto_actor_actor1` FOREIGN KEY (`actor_id_actor`) REFERENCES `actor` (`id_actor`) ON DELETE NO ACTION ON UPDATE NO ACTION;

--
-- Filtros para la tabla `gusto_genero`
--
ALTER TABLE `gusto_genero`
  ADD CONSTRAINT `fk_gusto_genero_Usuario1` FOREIGN KEY (`Usuario_id_usuario`) REFERENCES `Usuario` (`id_usuario`) ON DELETE NO ACTION ON UPDATE NO ACTION,
  ADD CONSTRAINT `fk_gusto_genero_genero1` FOREIGN KEY (`genero_id_genero`) REFERENCES `genero` (`id_genero`) ON DELETE NO ACTION ON UPDATE NO ACTION;

--
-- Filtros para la tabla `lista_espera`
--
ALTER TABLE `lista_espera`
  ADD CONSTRAINT `fk_lista_espera_Usuario1` FOREIGN KEY (`Usuario_id_usuario`) REFERENCES `Usuario` (`id_usuario`) ON DELETE NO ACTION ON UPDATE NO ACTION,
  ADD CONSTRAINT `fk_lista_espera_pelicula1` FOREIGN KEY (`pelicula_id_pelicula`) REFERENCES `pelicula` (`id_pelicula`) ON DELETE NO ACTION ON UPDATE NO ACTION;

--
-- Filtros para la tabla `pelicula`
--
ALTER TABLE `pelicula`
  ADD CONSTRAINT `fk_pelicula_director1` FOREIGN KEY (`director_id_director`) REFERENCES `director` (`id_director`) ON DELETE NO ACTION ON UPDATE NO ACTION;

--
-- Filtros para la tabla `pelicula_actor`
--
ALTER TABLE `pelicula_actor`
  ADD CONSTRAINT `fk_table1_actor1` FOREIGN KEY (`actor_id_actor`) REFERENCES `actor` (`id_actor`) ON DELETE NO ACTION ON UPDATE NO ACTION,
  ADD CONSTRAINT `fk_table1_pelicula1` FOREIGN KEY (`pelicula_id_pelicula`) REFERENCES `pelicula` (`id_pelicula`) ON DELETE NO ACTION ON UPDATE NO ACTION;

--
-- Filtros para la tabla `pelicula_genero`
--
ALTER TABLE `pelicula_genero`
  ADD CONSTRAINT `fk_table1_genero1` FOREIGN KEY (`genero_id_genero`) REFERENCES `genero` (`id_genero`) ON DELETE NO ACTION ON UPDATE NO ACTION,
  ADD CONSTRAINT `fk_table1_pelicula2` FOREIGN KEY (`pelicula_id_pelicula`) REFERENCES `pelicula` (`id_pelicula`) ON DELETE NO ACTION ON UPDATE NO ACTION;

--
-- Filtros para la tabla `prestamo`
--
ALTER TABLE `prestamo`
  ADD CONSTRAINT `fk_prestamo_Usuario1` FOREIGN KEY (`Usuario_id_usuario`) REFERENCES `Usuario` (`id_usuario`) ON DELETE NO ACTION ON UPDATE NO ACTION,
  ADD CONSTRAINT `fk_prestamo_cinta1` FOREIGN KEY (`cinta_id_cinta`) REFERENCES `cinta` (`id_cinta`) ON DELETE NO ACTION ON UPDATE NO ACTION;

--
-- Filtros para la tabla `traileres`
--
ALTER TABLE `traileres`
  ADD CONSTRAINT `fk_imagenes_pelicula1` FOREIGN KEY (`pelicula_id_pelicula`) REFERENCES `pelicula` (`id_pelicula`) ON DELETE NO ACTION ON UPDATE NO ACTION;

--
-- Filtros para la tabla `Usuario`
--
ALTER TABLE `Usuario`
  ADD CONSTRAINT `fk_Usuario_rol` FOREIGN KEY (`rol_id_rol`) REFERENCES `rol` (`id_rol`) ON DELETE NO ACTION ON UPDATE NO ACTION;
COMMIT;

/*!40101 SET CHARACTER_SET_CLIENT=@OLD_CHARACTER_SET_CLIENT */;
/*!40101 SET CHARACTER_SET_RESULTS=@OLD_CHARACTER_SET_RESULTS */;
/*!40101 SET COLLATION_CONNECTION=@OLD_COLLATION_CONNECTION */;
